1955/1/1,
1955/1/15,l̓
1955/3/21,t̓
1955/4/29,Vca
1955/5/3,@LO
1955/5/5,ǂ̓
1955/9/24,H̓
1955/11/3,̓
1955/11/23,ΘJӂ̓
1956/1/1,
1956/1/15,l̓
1956/3/21,t̓
1956/4/29,Vca
1956/5/3,@LO
1956/5/5,ǂ̓
1956/9/23,H̓
1956/11/3,̓
1956/11/23,ΘJӂ̓
1957/1/1,
1957/1/15,l̓
1957/3/21,t̓
1957/4/29,Vca
1957/5/3,@LO
1957/5/5,ǂ̓
1957/9/23,H̓
1957/11/3,̓
1957/11/23,ΘJӂ̓
1958/1/1,
1958/1/15,l̓
1958/3/21,t̓
1958/4/29,Vca
1958/5/3,@LO
1958/5/5,ǂ̓
1958/9/23,H̓
1958/11/3,̓
1958/11/23,ΘJӂ̓
1959/1/1,
1959/1/15,l̓
1959/3/21,t̓
1959/4/10,̋V
1959/4/29,Vca
1959/5/3,@LO
1959/5/5,ǂ̓
1959/9/24,H̓
1959/11/3,̓
1959/11/23,ΘJӂ̓
1960/1/1,
1960/1/15,l̓
1960/3/20,t̓
1960/4/29,Vca
1960/5/3,@LO
1960/5/5,ǂ̓
1960/9/23,H̓
1960/11/3,̓
1960/11/23,ΘJӂ̓
1961/1/1,
1961/1/15,l̓
1961/3/21,t̓
1961/4/29,Vca
1961/5/3,@LO
1961/5/5,ǂ̓
1961/9/23,H̓
1961/11/3,̓
1961/11/23,ΘJӂ̓
1962/1/1,
1962/1/15,l̓
1962/3/21,t̓
1962/4/29,Vca
1962/5/3,@LO
1962/5/5,ǂ̓
1962/9/23,H̓
1962/11/3,̓
1962/11/23,ΘJӂ̓
1963/1/1,
1963/1/15,l̓
1963/3/21,t̓
1963/4/29,Vca
1963/5/3,@LO
1963/5/5,ǂ̓
1963/9/24,H̓
1963/11/3,̓
1963/11/23,ΘJӂ̓
1964/1/1,
1964/1/15,l̓
1964/3/20,t̓
1964/4/29,Vca
1964/5/3,@LO
1964/5/5,ǂ̓
1964/9/23,H̓
1964/11/3,̓
1964/11/23,ΘJӂ̓
1965/1/1,
1965/1/15,l̓
1965/3/21,t̓
1965/4/29,Vca
1965/5/3,@LO
1965/5/5,ǂ̓
1965/9/23,H̓
1965/11/3,̓
1965/11/23,ΘJӂ̓
1966/1/1,
1966/1/15,l̓
1966/3/21,t̓
1966/4/29,Vca
1966/5/3,@LO
1966/5/5,ǂ̓
1966/9/15,hV̓
1966/9/23,H̓
1966/10/10,̈̓
1966/11/3,̓
1966/11/23,ΘJӂ̓
1967/1/1,
1967/1/15,l̓
1967/2/11,LO̓
1967/3/21,t̓
1967/4/29,Vca
1967/5/3,@LO
1967/5/5,ǂ̓
1967/9/15,hV̓
1967/9/24,H̓
1967/10/10,̈̓
1967/11/3,̓
1967/11/23,ΘJӂ̓
1968/1/1,
1968/1/15,l̓
1968/2/11,LO̓
1968/3/20,t̓
1968/4/29,Vca
1968/5/3,@LO
1968/5/5,ǂ̓
1968/9/15,hV̓
1968/9/23,H̓
1968/10/10,̈̓
1968/11/3,̓
1968/11/23,ΘJӂ̓
1969/1/1,
1969/1/15,l̓
1969/2/11,LO̓
1969/3/21,t̓
1969/4/29,Vca
1969/5/3,@LO
1969/5/5,ǂ̓
1969/9/15,hV̓
1969/9/23,H̓
1969/10/10,̈̓
1969/11/3,̓
1969/11/23,ΘJӂ̓
1970/1/1,
1970/1/15,l̓
1970/2/11,LO̓
1970/3/21,t̓
1970/4/29,Vca
1970/5/3,@LO
1970/5/5,ǂ̓
1970/9/15,hV̓
1970/9/23,H̓
1970/10/10,̈̓
1970/11/3,̓
1970/11/23,ΘJӂ̓
1971/1/1,
1971/1/15,l̓
1971/2/11,LO̓
1971/3/21,t̓
1971/4/29,Vca
1971/5/3,@LO
1971/5/5,ǂ̓
1971/9/15,hV̓
1971/9/24,H̓
1971/10/10,̈̓
1971/11/3,̓
1971/11/23,ΘJӂ̓
1972/1/1,
1972/1/15,l̓
1972/2/11,LO̓
1972/3/20,t̓
1972/4/29,Vca
1972/5/3,@LO
1972/5/5,ǂ̓
1972/9/15,hV̓
1972/9/23,H̓
1972/10/10,̈̓
1972/11/3,̓
1972/11/23,ΘJӂ̓
1973/1/1,
1973/1/15,l̓
1973/2/11,LO̓
1973/3/21,t̓
1973/4/29,Vca
1973/4/30,x
1973/5/3,@LO
1973/5/5,ǂ̓
1973/9/15,hV̓
1973/9/23,H̓
1973/9/24,x
1973/10/10,̈̓
1973/11/3,̓
1973/11/23,ΘJӂ̓
1974/1/1,
1974/1/15,l̓
1974/2/11,LO̓
1974/3/21,t̓
1974/4/29,Vca
1974/5/3,@LO
1974/5/5,ǂ̓
1974/5/6,x
1974/9/15,hV̓
1974/9/16,x
1974/9/23,H̓
1974/10/10,̈̓
1974/11/3,̓
1974/11/4,x
1974/11/23,ΘJӂ̓
1975/1/1,
1975/1/15,l̓
1975/2/11,LO̓
1975/3/21,t̓
1975/4/29,Vca
1975/5/3,@LO
1975/5/5,ǂ̓
1975/9/15,hV̓
1975/9/24,H̓
1975/10/10,̈̓
1975/11/3,̓
1975/11/23,ΘJӂ̓
1975/11/24,x
1976/1/1,
1976/1/15,l̓
1976/2/11,LO̓
1976/3/20,t̓
1976/4/29,Vca
1976/5/3,@LO
1976/5/5,ǂ̓
1976/9/15,hV̓
1976/9/23,H̓
1976/10/10,̈̓
1976/10/11,x
1976/11/3,̓
1976/11/23,ΘJӂ̓
1977/1/1,
1977/1/15,l̓
1977/2/11,LO̓
1977/3/21,t̓
1977/4/29,Vca
1977/5/3,@LO
1977/5/5,ǂ̓
1977/9/15,hV̓
1977/9/23,H̓
1977/10/10,̈̓
1977/11/3,̓
1977/11/23,ΘJӂ̓
1978/1/1,
1978/1/2,x
1978/1/15,l̓
1978/1/16,x
1978/2/11,LO̓
1978/3/21,t̓
1978/4/29,Vca
1978/5/3,@LO
1978/5/5,ǂ̓
1978/9/15,hV̓
1978/9/23,H̓
1978/10/10,̈̓
1978/11/3,̓
1978/11/23,ΘJӂ̓
1979/1/1,
1979/1/15,l̓
1979/2/11,LO̓
1979/2/12,x
1979/3/21,t̓
1979/4/29,Vca
1979/4/30,x
1979/5/3,@LO
1979/5/5,ǂ̓
1979/9/15,hV̓
1979/9/24,H̓
1979/10/10,̈̓
1979/11/3,̓
1979/11/23,ΘJӂ̓
1980/1/1,
1980/1/15,l̓
1980/2/11,LO̓
1980/3/20,t̓
1980/4/29,Vca
1980/5/3,@LO
1980/5/5,ǂ̓
1980/9/15,hV̓
1980/9/23,H̓
1980/10/10,̈̓
1980/11/3,̓
1980/11/23,ΘJӂ̓
1980/11/24,x
1981/1/1,
1981/1/15,l̓
1981/2/11,LO̓
1981/3/21,t̓
1981/4/29,Vca
1981/5/3,@LO
1981/5/4,x
1981/5/5,ǂ̓
1981/9/15,hV̓
1981/9/23,H̓
1981/10/10,̈̓
1981/11/3,̓
1981/11/23,ΘJӂ̓
1982/1/1,
1982/1/15,l̓
1982/2/11,LO̓
1982/3/21,t̓
1982/3/22,x
1982/4/29,Vca
1982/5/3,@LO
1982/5/5,ǂ̓
1982/9/15,hV̓
1982/9/23,H̓
1982/10/10,̈̓
1982/10/11,x
1982/11/3,̓
1982/11/23,ΘJӂ̓
1983/1/1,
1983/1/15,l̓
1983/2/11,LO̓
1983/3/21,t̓
1983/4/29,Vca
1983/5/3,@LO
1983/5/5,ǂ̓
1983/9/15,hV̓
1983/9/23,H̓
1983/10/10,̈̓
1983/11/3,̓
1983/11/23,ΘJӂ̓
1984/1/1,
1984/1/2,x
1984/1/15,l̓
1984/1/16,x
1984/2/11,LO̓
1984/3/20,t̓
1984/4/29,Vca
1984/4/30,x
1984/5/3,@LO
1984/5/5,ǂ̓
1984/9/15,hV̓
1984/9/23,H̓
1984/9/24,x
1984/10/10,̈̓
1984/11/3,̓
1984/11/23,ΘJӂ̓
1985/1/1,
1985/1/15,l̓
1985/2/11,LO̓
1985/3/21,t̓
1985/4/29,Vca
1985/5/3,@LO
1985/5/5,ǂ̓
1985/5/6,x
1985/9/15,hV̓
1985/9/16,x
1985/9/23,H̓
1985/10/10,̈̓
1985/11/3,̓
1985/11/4,x
1985/11/23,ΘJӂ̓
1986/1/1,
1986/1/15,l̓
1986/2/11,LO̓
1986/3/21,t̓
1986/4/29,Vca
1986/5/3,@LO
1986/5/5,ǂ̓
1986/9/15,hV̓
1986/9/23,H̓
1986/10/10,̈̓
1986/11/3,̓
1986/11/23,ΘJӂ̓
1986/11/24,x
1987/1/1,
1987/1/15,l̓
1987/2/11,LO̓
1987/3/21,t̓
1987/4/29,Vca
1987/5/3,@LO
1987/5/4,x
1987/5/5,ǂ̓
1987/9/15,hV̓
1987/9/23,H̓
1987/10/10,̈̓
1987/11/3,̓
1987/11/23,ΘJӂ̓
1988/1/1,
1988/1/15,l̓
1988/2/11,LO̓
1988/3/20,t̓
1988/3/21,x
1988/4/29,Vca
1988/5/3,@LO
1988/5/4,x
1988/5/5,ǂ̓
1988/9/15,hV̓
1988/9/23,H̓
1988/10/10,̈̓
1988/11/3,̓
1988/11/23,ΘJӂ̓
1989/1/1,
1989/1/2,x
1989/1/15,l̓
1989/1/16,x
1989/2/11,LO̓
1989/2/24,r̗
1989/3/21,t̓
1989/4/29,݂ǂ̓
1989/5/3,@LO
1989/5/4,x
1989/5/5,ǂ̓
1989/9/15,hV̓
1989/9/23,H̓
1989/10/10,̈̓
1989/11/3,̓
1989/11/23,ΘJӂ̓
1989/12/23,Vca
1990/1/1,
1990/1/15,l̓
1990/2/11,LO̓
1990/2/12,x
1990/3/21,t̓
1990/4/29,݂ǂ̓
1990/4/30,x
1990/5/3,@LO
1990/5/4,x
1990/5/5,ǂ̓
1990/9/15,hV̓
1990/9/23,H̓
1990/9/24,x
1990/10/10,̈̓
1990/11/3,̓
1990/11/12,ʗ琳a̋V
1990/11/23,ΘJӂ̓
1990/12/23,Vca
1990/12/24,x
1991/1/1,
1991/1/15,l̓
1991/2/11,LO̓
1991/3/21,t̓
1991/4/29,݂ǂ̓
1991/5/3,@LO
1991/5/4,x
1991/5/5,ǂ̓
1991/5/6,x
1991/9/15,hV̓
1991/9/16,x
1991/9/23,H̓
1991/10/10,̈̓
1991/11/3,̓
1991/11/4,x
1991/11/23,ΘJӂ̓
1991/12/23,Vca
1992/1/1,
1992/1/15,l̓
1992/2/11,LO̓
1992/3/20,t̓
1992/4/29,݂ǂ̓
1992/5/3,@LO
1992/5/4,x
1992/5/5,ǂ̓
1992/9/15,hV̓
1992/9/23,H̓
1992/10/10,̈̓
1992/11/3,̓
1992/11/23,ΘJӂ̓
1992/12/23,Vca
1993/1/1,
1993/1/15,l̓
1993/2/11,LO̓
1993/3/20,t̓
1993/4/29,݂ǂ̓
1993/5/3,@LO
1993/5/4,x
1993/5/5,ǂ̓
1993/6/9,̋V
1993/9/15,hV̓
1993/9/23,H̓
1993/10/10,̈̓
1993/10/11,x
1993/11/3,̓
1993/11/23,ΘJӂ̓
1993/12/23,Vca
1994/1/1,
1994/1/15,l̓
1994/2/11,LO̓
1994/3/21,t̓
1994/4/29,݂ǂ̓
1994/5/3,@LO
1994/5/4,x
1994/5/5,ǂ̓
1994/9/15,hV̓
1994/9/23,H̓
1994/10/10,̈̓
1994/11/3,̓
1994/11/23,ΘJӂ̓
1994/12/23,Vca
1995/1/1,
1995/1/2,x
1995/1/15,l̓
1995/1/16,x
1995/2/11,LO̓
1995/3/21,t̓
1995/4/29,݂ǂ̓
1995/5/3,@LO
1995/5/4,x
1995/5/5,ǂ̓
1995/9/15,hV̓
1995/9/23,H̓
1995/10/10,̈̓
1995/11/3,̓
1995/11/23,ΘJӂ̓
1995/12/23,Vca
1996/1/1,
1996/1/15,l̓
1996/2/11,LO̓
1996/2/12,x
1996/3/20,t̓
1996/4/29,݂ǂ̓
1996/5/3,@LO
1996/5/4,x
1996/5/5,ǂ̓
1996/5/6,x
1996/7/20,C̓
1996/9/15,hV̓
1996/9/16,x
1996/9/23,H̓
1996/10/10,̈̓
1996/11/3,̓
1996/11/4,x
1996/11/23,ΘJӂ̓
1996/12/23,Vca
1997/1/1,
1997/1/15,l̓
1997/2/11,LO̓
1997/3/20,t̓
1997/4/29,݂ǂ̓
1997/5/3,@LO
1997/5/5,ǂ̓
1997/7/20,C̓
1997/7/21,x
1997/9/15,hV̓
1997/9/23,H̓
1997/10/10,̈̓
1997/11/3,̓
1997/11/23,ΘJӂ̓
1997/11/24,x
1997/12/23,Vca
1998/1/1,
1998/1/15,l̓
1998/2/11,LO̓
1998/3/21,t̓
1998/4/29,݂ǂ̓
1998/5/3,@LO
1998/5/4,x
1998/5/5,ǂ̓
1998/7/20,C̓
1998/9/15,hV̓
1998/9/23,H̓
1998/10/10,̈̓
1998/11/3,̓
1998/11/23,ΘJӂ̓
1998/12/23,Vca
1999/1/1,
1999/1/15,l̓
1999/2/11,LO̓
1999/3/21,t̓
1999/3/22,x
1999/4/29,݂ǂ̓
1999/5/3,@LO
1999/5/4,x
1999/5/5,ǂ̓
1999/7/20,C̓
1999/9/15,hV̓
1999/9/23,H̓
1999/10/10,̈̓
1999/10/11,x
1999/11/3,̓
1999/11/23,ΘJӂ̓
1999/12/23,Vca
2000/1/1,
2000/1/10,l̓
2000/2/11,LO̓
2000/3/20,t̓
2000/4/29,݂ǂ̓
2000/5/3,@LO
2000/5/4,x
2000/5/5,ǂ̓
2000/7/20,C̓
2000/9/15,hV̓
2000/9/23,H̓
2000/10/9,̈̓
2000/11/3,̓
2000/11/23,ΘJӂ̓
2000/12/23,Vca
2001/1/1,
2001/1/8,l̓
2001/2/11,LO̓
2001/2/12,x
2001/3/20,t̓
2001/4/29,݂ǂ̓
2001/4/30,x
2001/5/3,@LO
2001/5/4,x
2001/5/5,ǂ̓
2001/7/20,C̓
2001/9/15,hV̓
2001/9/23,H̓
2001/9/24,x
2001/10/8,̈̓
2001/11/3,̓
2001/11/23,ΘJӂ̓
2001/12/23,Vca
2001/12/24,x
2002/1/1,
2002/1/14,l̓
2002/2/11,LO̓
2002/3/21,t̓
2002/4/29,݂ǂ̓
2002/5/3,@LO
2002/5/4,x
2002/5/5,ǂ̓
2002/5/6,x
2002/7/20,C̓
2002/9/15,hV̓
2002/9/16,x
2002/9/23,H̓
2002/10/14,̈̓
2002/11/3,̓
2002/11/4,x
2002/11/23,ΘJӂ̓
2002/12/23,Vca
2003/1/1,
2003/1/13,l̓
2003/2/11,LO̓
2003/3/21,t̓
2003/4/29,݂ǂ̓
2003/5/3,@LO
2003/5/5,ǂ̓
2003/7/21,C̓
2003/9/15,hV̓
2003/9/23,H̓
2003/10/13,̈̓
2003/11/3,̓
2003/11/23,ΘJӂ̓
2003/11/24,x
2003/12/23,Vca
2004/1/1,
2004/1/12,l̓
2004/2/11,LO̓
2004/3/20,t̓
2004/4/29,݂ǂ̓
2004/5/3,@LO
2004/5/4,x
2004/5/5,ǂ̓
2004/7/19,C̓
2004/9/20,hV̓
2004/9/23,H̓
2004/10/11,̈̓
2004/11/3,̓
2004/11/23,ΘJӂ̓
2004/12/23,Vca
2005/1/1,
2005/1/10,l̓
2005/2/11,LO̓
2005/3/20,t̓
2005/3/21,x
2005/4/29,݂ǂ̓
2005/5/3,@LO
2005/5/4,x
2005/5/5,ǂ̓
2005/7/18,C̓
2005/9/19,hV̓
2005/9/23,H̓
2005/10/10,̈̓
2005/11/3,̓
2005/11/23,ΘJӂ̓
2005/12/23,Vca
2006/1/1,
2006/1/2,x
2006/1/9,l̓
2006/2/11,LO̓
2006/3/21,t̓
2006/4/29,݂ǂ̓
2006/5/3,@LO
2006/5/4,x
2006/5/5,ǂ̓
2006/7/17,C̓
2006/9/18,hV̓
2006/9/23,H̓
2006/10/9,̈̓
2006/11/3,̓
2006/11/23,ΘJӂ̓
2006/12/23,Vca
2007/1/1,
2007/1/8,l̓
2007/2/11,LO̓
2007/2/12,x
2007/3/21,t̓
2007/4/29,a̓
2007/4/30,x
2007/5/3,@LO
2007/5/4,݂ǂ̓
2007/5/5,ǂ̓
2007/7/16,C̓
2007/9/17,hV̓
2007/9/23,H̓
2007/9/24,x
2007/10/8,̈̓
2007/11/3,̓
2007/11/23,ΘJӂ̓
2007/12/23,Vca
2007/12/24,x
2008/1/1,
2008/1/14,l̓
2008/2/11,LO̓
2008/3/20,t̓
2008/4/29,a̓
2008/5/3,@LO
2008/5/4,݂ǂ̓
2008/5/5,ǂ̓
2008/5/6,x
2008/7/21,C̓
2008/9/15,hV̓
2008/9/23,H̓
2008/10/13,̈̓
2008/11/3,̓
2008/11/23,ΘJӂ̓
2008/11/24,x
2008/12/23,Vca
2009/1/1,
2009/1/12,l̓
2009/2/11,LO̓
2009/3/20,t̓
2009/4/29,a̓
2009/5/3,@LO
2009/5/4,݂ǂ̓
2009/5/5,ǂ̓
2009/5/6,x
2009/7/20,C̓
2009/9/21,hV̓
2009/9/22,x
2009/9/23,H̓
2009/10/12,̈̓
2009/11/3,̓
2009/11/23,ΘJӂ̓
2009/12/23,Vca
2010/1/1,
2010/1/11,l̓
2010/2/11,LO̓
2010/3/21,t̓
2010/3/22,x
2010/4/29,a̓
2010/5/3,@LO
2010/5/4,݂ǂ̓
2010/5/5,ǂ̓
2010/7/19,C̓
2010/9/20,hV̓
2010/9/23,H̓
2010/10/11,̈̓
2010/11/3,̓
2010/11/23,ΘJӂ̓
2010/12/23,Vca
2011/1/1,
2011/1/10,l̓
2011/2/11,LO̓
2011/3/21,t̓
2011/4/29,a̓
2011/5/3,@LO
2011/5/4,݂ǂ̓
2011/5/5,ǂ̓
2011/7/18,C̓
2011/9/19,hV̓
2011/9/23,H̓
2011/10/10,̈̓
2011/11/3,̓
2011/11/23,ΘJӂ̓
2011/12/23,Vca
2012/1/1,
2012/1/2,x
2012/1/9,l̓
2012/2/11,LO̓
2012/3/20,t̓
2012/4/29,a̓
2012/4/30,x
2012/5/3,@LO
2012/5/4,݂ǂ̓
2012/5/5,ǂ̓
2012/7/16,C̓
2012/9/17,hV̓
2012/9/22,H̓
2012/10/8,̈̓
2012/11/3,̓
2012/11/23,ΘJӂ̓
2012/12/23,Vca
2012/12/24,x
2013/1/1,
2013/1/14,l̓
2013/2/11,LO̓
2013/3/20,t̓
2013/4/29,a̓
2013/5/3,@LO
2013/5/4,݂ǂ̓
2013/5/5,ǂ̓
2013/5/6,x
2013/7/15,C̓
2013/9/16,hV̓
2013/9/23,H̓
2013/10/14,̈̓
2013/11/3,̓
2013/11/4,x
2013/11/23,ΘJӂ̓
2013/12/23,Vca
2014/1/1,
2014/1/13,l̓
2014/2/11,LO̓
2014/3/21,t̓
2014/4/29,a̓
2014/5/3,@LO
2014/5/4,݂ǂ̓
2014/5/5,ǂ̓
2014/5/6,x
2014/7/21,C̓
2014/9/15,hV̓
2014/9/23,H̓
2014/10/13,̈̓
2014/11/3,̓
2014/11/23,ΘJӂ̓
2014/11/24,x
2014/12/23,Vca
2015/1/1,
2015/1/12,l̓
2015/2/11,LO̓
2015/3/21,t̓
2015/4/29,a̓
2015/5/3,@LO
2015/5/4,݂ǂ̓
2015/5/5,ǂ̓
2015/5/6,x
2015/7/20,C̓
2015/9/21,hV̓
2015/9/22,x
2015/9/23,H̓
2015/10/12,̈̓
2015/11/3,̓
2015/11/23,ΘJӂ̓
2015/12/23,Vca
2016/1/1,
2016/1/11,l̓
2016/2/11,LO̓
2016/3/20,t̓
2016/3/21,x
2016/4/29,a̓
2016/5/3,@LO
2016/5/4,݂ǂ̓
2016/5/5,ǂ̓
2016/7/18,C̓
2016/8/11,R̓
2016/9/19,hV̓
2016/9/22,H̓
2016/10/10,̈̓
2016/11/3,̓
2016/11/23,ΘJӂ̓
2016/12/23,Vca
2017/1/1,
2017/1/2,x
2017/1/9,l̓
2017/2/11,LO̓
2017/3/20,t̓
2017/4/29,a̓
2017/5/3,@LO
2017/5/4,݂ǂ̓
2017/5/5,ǂ̓
2017/7/17,C̓
2017/8/11,R̓
2017/9/18,hV̓
2017/9/23,H̓
2017/10/9,̈̓
2017/11/3,̓
2017/11/23,ΘJӂ̓
2017/12/23,Vca
2018/1/1,
2018/1/8,l̓
2018/2/11,LO̓
2018/2/12,x
2018/3/21,t̓
2018/4/29,a̓
2018/4/30,x
2018/5/3,@LO
2018/5/4,݂ǂ̓
2018/5/5,ǂ̓
2018/7/16,C̓
2018/8/11,R̓
2018/9/17,hV̓
2018/9/23,H̓
2018/9/24,x
2018/10/8,̈̓
2018/11/3,̓
2018/11/23,ΘJӂ̓
2018/12/23,Vca
2018/12/24,x
2019/1/1,
2019/1/14,l̓
2019/2/11,LO̓
2019/3/21,t̓
2019/4/29,a̓
2019/4/30,x
2019/5/1,xijj
2019/5/2,x
2019/5/3,@LO
2019/5/4,݂ǂ̓
2019/5/5,ǂ̓
2019/5/6,x
2019/7/15,C̓
2019/8/11,R̓
2019/8/12,x
2019/9/16,hV̓
2019/9/23,H̓
2019/10/14,̈̓iX|[c̓j
2019/10/22,xijj
2019/11/3,̓
2019/11/4,x
2019/11/23,ΘJӂ̓
2020/1/1,
2020/01/05,j
2020/01/11,2yj
2020/01/12,j
2020/1/13,l̓
2020/01/19,j
2020/01/25,4yj
2020/01/26,j
2020/02/02,j
2020/02/08,2yj
2020/02/09,j
2020/2/11,LO̓
2020/02/16,j
2020/02/22,4yj
2020/2/23,Vca
2020/2/24,x
2020/03/01,j
2020/03/07,2yj
2020/03/08,j
2020/03/15,j
2020/3/20,t̓
2020/03/21,4yj
2020/03/22,j
2020/03/29,j
2020/04/05,j
2020/04/11,2yj
2020/04/12,j
2020/04/19,j
2020/04/25,4yj
2020/04/26,j
2020/4/29,a̓
2020/5/3,@LO
2020/5/4,݂ǂ̓
2020/5/5,ǂ̓
2020/5/6,x
2020/05/09,2yj
2020/05/10,j
2020/05/17,j
2020/05/23,4yj
2020/05/24,j
2020/05/31,j
2020/06/07,j
2020/06/13,2yj
2020/06/14,j
2020/06/21,j
2020/06/27,4yj
2020/06/28,j
2020/07/05,j
2020/07/11,2yj
2020/07/12,j
2020/07/19,j
2020/7/23,C̓
2020/7/24,X|[c̓
2020/07/25,4yj
2020/07/26,j
2020/08/02,j
2020/08/08,2yj
2020/08/09,j
2020/8/10,R̓
2020/08/16,j
2020/08/22,4yj
2020/08/23,j
2020/08/30,j
2020/09/06,j
2020/09/12,2yj
2020/09/13,j
2020/09/20,j
2020/9/21,hV̓
2020/9/22,H̓
2020/09/26,4yj
2020/09/27,j
2020/10/04,j
2020/10/10,2yj
2020/10/11,j
2020/10/18,j
2020/10/24,4yj
2020/10/25,j
2020/11/01,j
2020/11/3,̓
2020/11/07,2yj
2020/11/08,j
2020/11/15,j
2020/11/21,4yj
2020/11/22,j
2020/11/23,ΘJӂ̓
2020/11/29,j
2020/12/06,j
2020/12/12,2yj
2020/12/13,j
2020/12/20,j
2020/12/26,4yj
2020/12/27,j
2021/1/1,
2021/01/03,j
2021/01/09,2yj
2021/01/10,j
2021/1/11,l̓
2021/01/17,j
2021/01/23,4yj
2021/01/24,j
2021/01/31,j
2021/02/07,j
2021/2/11,LO̓
2021/02/13,2yj
2021/02/14,j
2021/02/21,j
2021/2/23,Vca
2021/02/27,4yj
2021/02/28,j
2021/03/07,j
2021/03/13,2yj
2021/03/14,j
2021/3/20,t̓
2021/03/21,j
2021/03/27,4yj
2021/03/28,j
2021/04/04,j
2021/04/10,2yj
2021/04/11,j
2021/04/18,j
2021/04/24,4yj
2021/04/25,j
2021/4/29,a̓
2021/05/02,j
2021/5/3,@LO
2021/5/4,݂ǂ̓
2021/5/5,ǂ̓
2021/05/08,2yj
2021/05/09,j
2021/05/16,j
2021/05/22,4yj
2021/05/23,j
2021/05/30,j
2021/06/06,j
2021/06/12,2yj
2021/06/13,j
2021/06/20,j
2021/06/26,4yj
2021/06/27,j
2021/07/04,j
2021/07/10,2yj
2021/07/11,j
2021/07/18,j
2021/7/22,C̓
2021/7/23,X|[c̓
2021/07/24,4yj
2021/07/25,j
2021/08/01,j
2021/08/07,2yj
2021/8/8,R̓
2021/8/9,x
2021/08/15,j
2021/08/21,4yj
2021/08/22,j
2021/08/29,j
2021/09/05,j
2021/09/11,2yj
2021/09/12,j
2021/09/19,j
2021/9/20,hV̓
2021/9/23,H̓
2021/09/25,4yj
2021/09/26,j
2021/10/03,j
2021/10/09,2yj
2021/10/10,j
2021/10/17,j
2021/10/23,4yj
2021/10/24,j
2021/10/31,j
2021/11/3,̓
2021/11/07,j
2021/11/13,2yj
2021/11/14,j
2021/11/21,j
2021/11/23,ΘJӂ̓
2021/11/27,4yj
2021/11/28,j
2021/12/05,j
2021/12/11,2yj
2021/12/12,j
2021/12/19,j
2021/12/25,4yj
2021/12/26,j
2022/1/1,
2022/01/02,j
2022/01/08,2yj
2022/01/09,j
2022/1/10,l̓
2022/01/16,j
2022/01/22,4yj
2022/01/23,j
2022/01/30,j
2022/02/06,j
2022/2/11,LO̓
2022/02/12,2yj
2022/02/13,j
2022/02/20,j
2022/2/23,Vca
2022/02/26,4yj
2022/02/27,j
2022/03/06,j
2022/03/12,2yj
2022/03/13,j
2022/03/20,j
2022/3/21,t̓
2022/03/26,4yj
2022/03/27,j
2022/04/03,j
2022/04/09,2yj
2022/04/10,j
2022/04/17,j
2022/04/23,4yj
2022/04/24,j
2022/4/29,a̓
2022/05/01,j
2022/5/3,@LO
2022/5/4,݂ǂ̓
2022/5/5,ǂ̓
2022/05/07,2yj
2022/05/08,j
2022/05/15,j
2022/05/21,4yj
2022/05/22,j
2022/05/29,j
2022/06/05,j
2022/06/11,2yj
2022/06/12,j
2022/06/19,j
2022/06/25,4yj
2022/06/26,j
2022/07/03,j
2022/07/09,2yj
2022/07/10,j
2022/07/17,j
2022/7/18,C̓
2022/07/23,4yj
2022/07/24,j
2022/07/31,j
2022/08/07,j
2022/8/11,R̓
2022/08/13,2yj
2022/08/14,j
2022/08/21,j
2022/08/27,4yj
2022/08/28,j
2022/09/04,j
2022/09/10,2yj
2022/09/11,j
2022/09/18,j
2022/9/19,hV̓
2022/9/23,H̓
2022/09/24,4yj
2022/09/25,j
2022/10/02,j
2022/10/08,2yj
2022/10/09,j
2022/10/10,X|[c̓
2022/10/16,j
2022/10/22,4yj
2022/10/23,j
2022/10/30,j
2022/11/3,̓
2022/11/06,j
2022/11/12,2yj
2022/11/13,j
2022/11/20,j
2022/11/23,ΘJӂ̓
2022/11/26,4yj
2022/11/27,j
2022/12/04,j
2022/12/10,2yj
2022/12/11,j
2022/12/18,j
2022/12/24,4yj
2022/12/25,j
2023/1/1,
2023/1/2,x
2023/01/07,2yj
2023/01/08,j
2023/1/9,l̓
2023/01/15,j
2023/01/21,4yj
2023/01/22,j
2023/01/29,j
2023/02/05,j
2023/2/11,LO̓
2023/02/12,j
2023/02/19,j
2023/2/23,Vca
2023/02/25,4yj
2023/02/26,j
2023/03/05,j
2023/03/11,2yj
2023/03/12,j
2023/03/19,j
2023/3/21,t̓
2023/03/25,4yj
2023/03/26,j
2023/04/02,j
2023/04/08,2yj
2023/04/09,j
2023/04/16,j
2023/04/22,4yj
2023/04/23,j
2023/4/29,a̓
2023/04/30,j
2023/5/3,@LO
2023/5/4,݂ǂ̓
2023/5/5,ǂ̓
2023/05/07,j
2023/05/13,2yj
2023/05/14,j
2023/05/21,j
2023/05/27,4yj
2023/05/28,j
2023/06/04,j
2023/06/10,2yj
2023/06/11,j
2023/06/18,j
2023/06/24,4yj
2023/06/25,j
2023/07/02,j
2023/07/08,2yj
2023/07/09,j
2023/07/16,j
2023/7/17,C̓
2023/07/22,4yj
2023/07/23,j
2023/07/30,j
2023/08/06,j
2023/8/11,R̓
2023/08/12,2yj
2023/08/13,j
2023/08/20,j
2023/08/26,4yj
2023/08/27,j
2023/09/03,j
2023/09/09,2yj
2023/09/10,j
2023/09/17,j
2023/9/18,hV̓
2023/9/23,H̓
2023/09/24,j
2023/10/01,j
2023/10/07,2yj
2023/10/08,j
2023/10/9,X|[c̓
2023/10/15,j
2023/10/21,4yj
2023/10/22,j
2023/10/29,j
2023/11/3,̓
2023/11/05,j
2023/11/11,2yj
2023/11/12,j
2023/11/19,j
2023/11/23,ΘJӂ̓
2023/11/25,4yj
2023/11/26,j
2023/12/03,j
2023/12/09,2yj
2023/12/10,j
2023/12/17,j
2023/12/23,4yj
2023/12/24,j
2023/12/31,j
2024/1/1,
2024/01/07,j
2024/1/8,l̓
2024/01/13,2yj
2024/01/14,j
2024/01/21,j
2024/01/27,4yj
2024/01/28,j
2024/02/04,j
2024/02/10,2yj
2024/2/11,LO̓
2024/2/12,x
2024/02/18,j
2024/2/23,Vca
2024/02/24,4yj
2024/02/25,j
2024/03/03,j
2024/03/09,2yj
2024/03/10,j
2024/03/17,j
2024/3/20,t̓
2024/03/23,4yj
2024/03/24,j
2024/03/31,j
2024/04/07,j
2024/04/13,2yj
2024/04/14,j
2024/04/21,j
2024/04/27,4yj
2024/04/28,j
2024/4/29,a̓
2024/5/3,@LO
2024/5/4,݂ǂ̓
2024/5/5,ǂ̓
2024/5/6,x
2024/05/11,2yj
2024/05/12,j
2024/05/19,j
2024/05/25,4yj
2024/05/26,j
2024/06/02,j
2024/06/08,2yj
2024/06/09,j
2024/06/16,j
2024/06/22,4yj
2024/06/23,j
2024/06/30,j
2024/07/07,j
2024/07/13,2yj
2024/07/14,j
2024/7/15,C̓
2024/07/21,j
2024/07/27,4yj
2024/07/28,j
2024/08/04,j
2024/08/10,2yj
2024/8/11,R̓
2024/8/12,x
2024/08/18,j
2024/08/24,4yj
2024/08/25,j
2024/09/01,j
2024/09/07,2yj
2024/09/08,j
2024/09/15,j
2024/9/16,hV̓
2024/09/21,4yj
2024/9/22,H̓
2024/9/23,x
2024/09/29,j
2024/10/06,j
2024/10/12,2yj
2024/10/13,j
2024/10/14,X|[c̓
2024/10/20,j
2024/10/26,4yj
2024/10/27,j
2024/11/3,̓
2024/11/4,x
2024/11/09,2yj
2024/11/10,j
2024/11/17,j
2024/11/23,ΘJӂ̓
2024/11/24,j
2024/12/01,j
2024/12/07,2yj
2024/12/08,j
2024/12/15,j
2024/12/21,4yj
2024/12/22,j
2024/12/29,j
2025/1/1,
2025/01/05,j
2025/01/11,2yj
2025/01/12,j
2025/1/13,l̓
2025/01/19,j
2025/01/25,4yj
2025/01/26,j
2025/02/02,j
2025/02/08,2yj
2025/02/09,j
2025/2/11,LO̓
2025/02/16,j
2025/02/22,4yj
2025/2/23,Vca
2025/2/24,x
2025/03/02,j
2025/03/08,2yj
2025/03/09,j
2025/03/16,j
2025/3/20,t̓
2025/03/22,4yj
2025/03/23,j
2025/03/30,j
2025/04/06,j
2025/04/12,2yj
2025/04/13,j
2025/04/20,j
2025/04/26,4yj
2025/04/27,j
2025/4/29,a̓
2025/5/3,@LO
2025/5/4,݂ǂ̓
2025/5/5,ǂ̓
2025/5/6,x
2025/05/10,2yj
2025/05/11,j
2025/05/18,j
2025/05/24,4yj
2025/05/25,j
2025/06/01,j
2025/06/07,2yj
2025/06/08,j
2025/06/15,j
2025/06/21,4yj
2025/06/22,j
2025/06/29,j
2025/07/06,j
2025/07/12,2yj
2025/07/13,j
2025/07/20,j
2025/7/21,C̓
2025/07/26,4yj
2025/07/27,j
2025/08/03,j
2025/08/09,2yj
2025/08/10,j
2025/8/11,R̓
2025/08/17,j
2025/08/23,4yj
2025/08/24,j
2025/08/31,j
2025/09/07,j
2025/09/13,2yj
2025/09/14,j
2025/9/15,hV̓
2025/09/21,j
2025/9/23,H̓
2025/09/27,4yj
2025/09/28,j
2025/10/05,j
2025/10/11,2yj
2025/10/12,j
2025/10/13,X|[c̓
2025/10/19,j
2025/10/25,4yj
2025/10/26,j
2025/11/02,j
2025/11/3,̓
2025/11/08,2yj
2025/11/09,j
2025/11/16,j
2025/11/22,4yj
2025/11/23,ΘJӂ̓
2025/11/24,x
2025/11/30,j
2025/12/07,j
2025/12/13,2yj
2025/12/14,j
2025/12/21,j
2025/12/27,4yj
2025/12/28,j
